{"file_hashes":[{"block_hashes":["q51/rCw6ubj3R8zQx9ltqaccRJz4kP0I++929K11Pt8=","yrRgtUf+cdUjw2DIFJ+Sv2uPZ8Csb/inuOdu3VsAGBg=","G9w2zDUD36kKdIG66pIn8S0jioyosgC6rFSKxLp2hrY=","uWgwmH9WiQOaXCtiMmhaf9Ynoo0/tC397WV/cMCdqxs=","CgqFJ6kCPL9suus9JzF1cHtB1SdpIfXfypeDm4fYyIU="],"block_size":4096,"path":"background.js"},{"block_hashes":["K0VDyfCgGNmQynZ8DpS/U4KQyJsi+XpRIgR5IjCZWr8="],"block_size":4096,"path":"config_resources/config.json"},{"block_hashes":["b1ShaE6jnH8aouox4ISlVk8FdQ8EIFtTA2El/Ya0aqw="],"block_size":4096,"path":"content.js"},{"block_hashes":["bn4rlNjCyNFv2wefStLaaKBlDJdTltSRtauf7VNJHFI="],"block_size":4096,"path":"extension.css"},{"block_hashes":["P63VoSwKs8jaYbR7mRC3EEVHsbS2vNkUlNmGDEb/DlY="],"block_size":4096,"path":"images/fb.png"},{"block_hashes":["gMs0LjpoGVf+wbIWZBojYhqc8bOPWmHV875IvtgjSuU=","sJ+DKAT0xIH7T8hF5jkGU5sCsfe6A5RClfkUcBCqC9E=","ewXxSjEDWh5kGwWSSE3RZXMM4erdXkjWzl1GjbbCP3M=","sMXSDN2gfNbHTxsSv15OmajHIEw+Fy6sgw9Xn4LIFuY="],"block_size":4096,"path":"images/gplus.png"},{"block_hashes":["cGJofebM8WNVqkRMnzk7w3z56Z3RdkANzt05flrlPW4="],"block_size":4096,"path":"images/lnk.png"},{"block_hashes":["wZjx/Lzzy7hQdGfWtrTVITPOHkDnN2cdNSQLsExd4mM=","mp+55mazleEQCgbIO4W+k6AHwmW8Ekz67bRJ8DTgfZU=","ECcauyaT4+fQ/fPmbZRrZ0dYj1e7xDCYqBKmSw9nkI0=","CVxK/1kKArmFzCeftb4XEq+HtNhIXu9tXJ8wGscCRHg="],"block_size":4096,"path":"images/tw.png"},{"block_hashes":["3pCj/s2N5kzlaHWGviqpl9Yw7c3w7dmtfXu6YqgxaVU="],"block_size":4096,"path":"install.rdf"},{"block_hashes":["gbxlPE0sAxrbg5NNJsujJGlWKG6bVb4kVdRR+znBQ5o=","5FlRcVqhYTw8WWZEiqIRav0yorcDbdMV2g+tGKD4Xm8=","eQWNJUzHr+1dxou2mC8eC9HCFbwnO3ItOG+NUbkWG1M=","fLSfVbD3KaRZj9BN8h0L0NQJP5WVlIGBO8JzUuK9g78=","SKbDv8hOPzLmoC1Kx9kT2WyGCqTH03M+vBXZnmFESi0=","sQBD7wghpx7f7VyIUe040JvIJK/hPRPtqJpGNzHYaNw=","uKGibSa36oJKZsDytQ68gcAjqRHc68g5CPh5v7bxqgI=","jlmjzTKQRkghbju/M/N3b0CbsyY1m1/TwTyuNMoCu4Q=","SaaJ538nTDo6W3rwqSm6PBX0lZ5YZZrWfyBeI84XR5w=","7Ouc3fc9R79aNYWjiVOzaZEB3xWiRLTdAzyppkWVcP0=","pNNyeMfCyhQtKev0RfIHgPAJHqukUb8e/gSu5+wlW28=","JKDbiQYedZqo4M3Y3Pr0D5gIX2qP3EIGkHXPdyaTlwI=","2oAA9a82hp3tjSZL/RhLrKrF81nf6O+hiPW9OLeRfa8=","nsqehNL3RakB5EkehGT6vm7TzcG5ho/b3hRjdlrIBPM=","ltJrUlePeHpcugJMKHUbfFN8GLBlJ1F0qx/Y7dXWaaU=","1V86dCm5ihxDXjdVBBgAts65VqdYs4GihlumREX9OHc=","vvJ0nZg2+DXsYz00dM3YMmyLro/ChYwQK6gED5mD8pg=","0ijre7Vdn+YdUSluzLqgY9pKdYTF3gbpJ4ndx5Q2upk=","sg0CoLgYaLMfVZV7/fBNBlokzUkhrOIyX519SNC0YD4=","SXM9zTBvngC6IhW5L+ht6jZ6fe8PbeD7cdlvdemrADY=","PvOnI/AvERAxMndSZJ0/Edh9rDH/xwCPRGhDVTby34c=","mt7VH8RIKxZAVppIN4IJeL1e7HlQDnckRZAD3dBa30g=","sUDjIbgwPHVg975yx9GNj51LRAyXqtYxLPHur+bRbHA=","UKCJwE1+kdpmNxHET7iZKpxgJCPxkyP7P1JW0TklbI4=","OnV1sdAHA8rGrHmlHguabDkDoBL5htMNr0Y88HVPgSA=","CNIlIWbqNyo0XrfnCwa1jiqxpATilw4aUSoO3uwoeEg=","0/scCSr9JYqRggWyqb8rrUIui58rGq2DwzZPwFmb/9c=","C8UXB/8OABo6UWJ+CJESAjw6XyML/13wLMdD3dlA+SE=","xygLrTuONBBSnExhCMkTSXB+RFp+nnUPmC5XagPY+Ao=","1B6mIwD45Hl1kDCvlZqO/OEkQZ6Pyd1zI4By81Ds5UA=","UmE/HT8UwM49QxgzfRf433fPFSWSDsGk0Mzd+/MC+dM=","VRC2DB/6QHlfE9wJxPASb02EmvKzN9mvOhbQIduO+/E=","EOGSNmVPQIna6dZLhI8QnSnLdOdWALaGBMwB6VnzYUU=","El8m/KDaCnT6UC6jcKeNhSHihJVQP2Qwmw50aQ11BaA=","U1eUuu1dd4GTsfE+Iq6mrzdmTtpyfwr7UQUEMZtH76c=","LTQiRGARNZ9zUAwt4QZOTpbwbpCP9/KTUJD0tNpmy/Y=","XibWSYTMG6VOnzrIBoOM0jsybUGUZw+0UIkZjpS4EJs=","6VwGwjKZlNxrRKWIzBu2SKt6eppuXCqwA8UDerXPDXo=","0VqNCHu8A2ls4SPvMmSUTnjzAJ8h6pJdIfasxlAdezE=","cvhQWQmIH73Gi1WXVhu+9r5xRai8/ulwVHfDP9WM/Ao=","bPE4A6sqaeLA8n0RD0FqOvoG0FH55HZCm8CbRc+jNXw=","kkZ4u5xG0sDAwR/IWH4YGJzDq/Q8GJl1kESGLV3axjw=","0k/ZekL5tykV5pnj2MPoobkcI6XZ9MF7jmZc5HmUrv0=","Mc2E3rZn6WwOGIZuCtoVxRpF5cLasCc5c5nOZZDnML8=","Jfr1B86wh7IY2prY3BmeEHBSsxwa0RneCJknIQzqqQ8=","NTuXkKLJDH49yhhJAAqMaLJdiEm//QaoEjXf5rb3oS8=","UiMJfOo7cgVUlqDzb3enB76q13Qi08caQ1IK/90x4gA=","q3Fc8GzS0jUi5F/hAj5Fet1bsWOsTlRIb7UOF8zz7WA=","tjlvOAN0smwchexavIAxi6C2yfLV0sj6i4hVcQ59XCo=","hkrjM26ZUUZ7psLDKJzHg6sr/ebcJbHEVPrww30hbag=","szDCFCnXZTcrahGbaQKLbZjGsCT3FLC6RZOGrouMwpQ=","TAfJW3BEbPv6xoFC9pFUzy35IgUhJE5olwedtGfECqM=","sl9cNu7vGlLA0i7bZyeXqNboIlD9WGOeOzLDNAYCeqY=","5tp+jX2xeFMOEXbhVuD7IBoRPYm7dYsLkMQJ0Ko1EtQ=","h46wyYpDOCVFInhnKPz06BN7tc7EVyqZmnVUroZeJzw=","94kRuzrpgUYmKBEx0zjdHFoL/IjoQsEDBQayL/InWQ8=","HiUtd6vntJTKKA97c+Cs/izKG2nffD9KX/hntVksFI4=","FftdbUNMCmK9wJUlJX+wpy0LrzM7bg4Q6f3+JTXSsCo=","RF05DN/rQL+58+eXRm7dO6THGYq6ak6uKpYEfWqCjK8=","g20Sw3Ocdwuu5kzzI0oFRkRaxSRdKeQj4wCvha43bJM=","M18306a6J9Mnxd5mD6ngs9gejEoCnJ/zg8vnes0oPhE=","tfxZxe63y5KRkphIwbQs6aWWQXdTbOcKc3JVyuJ7Tcw=","9pHCO3bA1ng7s1YZPvdLjIkF35UU++BX6XrFsHgV6pU=","pQeOroH4dwMCvLpnLor7MP8IQmbfczP/kz4qMy9jALo=","2gh5x2sc0+IC6piftwrSKb3I5v6PGAeUhskGOdH48OE=","pTSE6wi85k8q7k1vxjz4KajUnUHo0fwOj4gtW6uEm38="],"block_size":4096,"path":"jquery.js"},{"block_hashes":["3xzAMpr3LLFW9q2iopLK5VUxxW89i+ZvQPMtwRvjVpU="],"block_size":4096,"path":"metadata/computed_hashes.json"},{"block_hashes":["EaF+teRw/fntzskiHPLWbyC7V+Ni3mE6ar9LW6WigtA="],"block_size":4096,"path":"metadata/verified_contents.json"},{"block_hashes":["SAXaMEK/pNxtzYERfMD6OeKSmKsTfDMmT1AuiST7t7I=","X4LHV7BJ1Jwd4oDYTSViAPLzMmC9M0fCwENexR8TPj4="],"block_size":4096,"path":"options.html"},{"block_hashes":["HVQtyW5Bnz5JRAz69yZ8EzAneraoGY3GmHa+6r1Il4Y=","lLqHTwU2F2dXpW0UYqTR2hXgx0qP8sSqdBYXJFDJ4iA="],"block_size":4096,"path":"options.js"},{"block_hashes":["hbOM/eX26CHvAhjectm+DhRckU3HR/eCikrawMV2cYI=","Hz+yzyMd2AqwAOXKp1OV5mtZRI5MNZPPzJr2o6hL3DA="],"block_size":4096,"path":"page-skin-1.css"},{"block_hashes":["jBQek9ej6ldV/QDFI4ohpXCZUhKWdt/9g7AFHIXLh9E="],"block_size":4096,"path":"popup.html"},{"block_hashes":["V7m9A/4ywWU4Xc2D8SXu76ZYgZ1AsheSs0IQTSlI3Fs=","jNSnPYQnH86MKcEItyWzYjDomKeDr56KXYZzaZICQV4=","IVUeN6XK5wySCbPt3VZFD9QfNL52H04wUBEbb+SMX1o="],"block_size":4096,"path":"popup.js"}],"version":2}