{"file_hashes":[{"block_hashes":["CyG45fXuISU0YPHrTcnIHpHToiS2RVklM3T7uC3MZcU=","LdIX11jF9iRGnmgRoTgsbkF6Pdk1Gl3C1J+Qtk7/Kpo=","Udt88Eq5z2Dh4heX/J8m/LRptLRnhBk6C2jJcF953OQ=","A6DHisK1q8bb7pBGugxFoB23HXSQbwLqJmx0DNYkK4U="],"block_size":4096,"path":"background.js"},{"block_hashes":["ctALJGJ6uGEpzK2vxQpKqvrQ2gWOmCzOTxJCucdPmkE="],"block_size":4096,"path":"content.js"},{"block_hashes":["lYcCIXm5SruADPhyrpOo1f9icvFKf3gQ0IOQu4rJPbA=","jfHFrxhzzrDQtEaCz2GD79zL9HGgbV6dWORTZ7NDtD0="],"block_size":4096,"path":"options.html"},{"block_hashes":["MmvYskLTgvxNacmY5GJwGDAFFZ3ulJYdNpjjXpEhsXU=","xEGzsKqb2B7JUoflaeZgWtWQ7/hxMqUYE76oWQ7st+s="],"block_size":4096,"path":"options.js"},{"block_hashes":["hbOM/eX26CHvAhjectm+DhRckU3HR/eCikrawMV2cYI=","Hz+yzyMd2AqwAOXKp1OV5mtZRI5MNZPPzJr2o6hL3DA="],"block_size":4096,"path":"page-skin-1.css"}],"version":2}